Date,Open,High,Low,Close,Adj Close,Volume
2013-12-02,6171.149902,6228.700195,6171.149902,6217.850098,6217.850098,145900
2013-12-03,6204.25,6225.399902,6191.399902,6201.850098,6201.850098,156900
2013-12-04,6187.950195,6209.149902,6149.899902,6160.950195,6160.950195,186200
2013-12-05,6262.450195,6300.549805,6232,6241.100098,6241.100098,186100
2013-12-06,6234.399902,6275.350098,6230.75,6259.899902,6259.899902,158500
2013-12-09,6415,6415.25,6345,6363.899902,6363.899902,198300
2013-12-10,6354.700195,6362.25,6307.549805,6332.850098,6332.850098,242400
2013-12-11,6307.200195,6326.600098,6280.25,6307.899902,6307.899902,148200
2013-12-12,6276.75,6286.850098,6230.549805,6237.049805,6237.049805,148500
2013-12-13,6201.299805,6208.600098,6161.399902,6168.399902,6168.399902,169700
2013-12-16,6168.350098,6183.25,6146.049805,6154.700195,6154.700195,146500
2013-12-17,6178.200195,6190.549805,6133,6139.049805,6139.049805,154200
2013-12-18,6129.950195,6236,6129.950195,6217.149902,6217.149902,243300
2013-12-19,6253.899902,6263.75,6150.700195,6166.649902,6166.649902,437000
2013-12-20,6179.950195,6284.5,6170.350098,6274.25,6274.25,172000
2013-12-23,6267.200195,6317.5,6266.950195,6284.5,6284.5,131200
2013-12-24,6296.450195,6301.5,6262,6268.399902,6268.399902,107600
2013-12-26,6270.100098,6302.75,6259.450195,6278.899902,6278.899902,182300
2013-12-27,6292.799805,6324.899902,6289.399902,6313.799805,6313.799805,96900
2013-12-30,6336.399902,6344.049805,6273.149902,6291.100098,6291.100098,101300
2013-12-31,6307.350098,6317.299805,6287.299805,6304,6304,103400
2014-01-01,null,null,null,null,null,null
2014-01-02,6301.25,6358.299805,6211.299805,6221.149902,6221.149902,158100
2014-01-03,6194.549805,6221.700195,6171.25,6211.149902,6211.149902,139000
2014-01-06,6220.850098,6224.700195,6170.25,6191.450195,6191.450195,118300
2014-01-07,6203.899902,6221.5,6144.75,6162.25,6162.25,138600
2014-01-08,6178.049805,6192.100098,6160.350098,6174.600098,6174.600098,146900
2014-01-09,6181.700195,6188.049805,6148.25,6168.350098,6168.350098,150100
2014-01-10,6178.850098,6239.100098,6139.600098,6171.450195,6171.450195,159900
2014-01-13,6189.549805,6288.200195,6189.549805,6272.75,6272.75,135000
2014-01-14,6260.25,6280.350098,6234.149902,6241.850098,6241.850098,110200
2014-01-15,6265.950195,6325.200195,6265.299805,6320.899902,6320.899902,145900
2014-01-16,6341.350098,6346.5,6299.850098,6318.899902,6318.899902,153400
2014-01-17,6306.25,6327.100098,6246.350098,6261.649902,6261.649902,167700
2014-01-20,6261.75,6307.450195,6243.350098,6303.950195,6303.950195,122100
2014-01-21,6320.149902,6330.299805,6297.899902,6313.799805,6313.799805,141700
2014-01-22,6309.049805,6349.950195,6287.450195,6338.950195,6338.950195,137500
2014-01-23,6325.950195,6355.600098,6316.399902,6345.649902,6345.649902,120100
2014-01-24,6301.649902,6331.450195,6263.899902,6266.75,6266.75,160300
2014-01-27,6186.299805,6188.549805,6130.25,6135.850098,6135.850098,190400
2014-01-28,6131.850098,6163.600098,6085.950195,6126.25,6126.25,184100
2014-01-29,6161,6170.450195,6109.799805,6120.25,6120.25,146700
2014-01-30,6067,6082.850098,6027.25,6073.700195,6073.700195,208100
2014-01-31,6082.75,6097.850098,6067.350098,6089.5,6089.5,146700
2014-02-03,6058.799805,6074.850098,5994.450195,6001.799805,6001.799805,134900
2014-02-04,5947.600098,6017.799805,5933.299805,6000.899902,6000.899902,183300
2014-02-05,6004.25,6028.049805,5962.049805,6022.399902,6022.399902,166600
2014-02-06,6028.350098,6048.350098,5965.399902,6036.299805,6036.299805,185500
2014-02-07,6077.649902,6079.950195,6030.899902,6063.200195,6063.200195,181900
2014-02-10,6072.799805,6083.049805,6046.399902,6053.450195,6053.450195,133100
2014-02-11,6072.450195,6081.850098,6053.25,6062.700195,6062.700195,150500
2014-02-12,6085.350098,6106.600098,6077.399902,6084,6084,138500
2014-02-13,6087.549805,6094.399902,5991.100098,6001.100098,6001.100098,153700
2014-02-14,6023.75,6056.399902,5984.600098,6048.350098,6048.350098,140200
2014-02-17,6057.100098,6080.649902,6038.299805,6073.299805,6073.299805,108500
2014-02-18,6071.299805,6141.700195,6066.799805,6127.100098,6127.100098,126600
2014-02-19,6132.049805,6160.350098,6125.75,6152.75,6152.75,95200
2014-02-20,6127.149902,6129.100098,6086.450195,6091.450195,6091.450195,132100
2014-02-21,6108.299805,6159.649902,6108,6155.450195,6155.450195,112600
2014-02-24,6140.950195,6191.850098,6130.799805,6186.100098,6186.100098,144900
2014-02-25,6205.700195,6216.850098,6176.600098,6200.049805,6200.049805,146300
2014-02-26,6202.450195,6245.950195,6202.100098,6238.799805,6238.799805,181700
2014-02-28,6228.450195,6282.700195,6228.100098,6276.950195,6276.950195,180600
2014-03-03,6264.350098,6277.75,6212.25,6221.450195,6221.450195,144600
2014-03-04,6216.75,6302.149902,6215.700195,6297.950195,6297.950195,166800
2014-03-05,6328.450195,6336.25,6287.799805,6328.649902,6328.649902,160300
2014-03-06,6344.75,6406.600098,6339.700195,6401.149902,6401.149902,180700
2014-03-07,6413.950195,6537.799805,6413.549805,6526.649902,6526.649902,284900
2014-03-10,6491.700195,6562.200195,6487.350098,6537.25,6537.25,242100
2014-03-11,6537.350098,6562.850098,6494.25,6511.899902,6511.899902,239000
2014-03-12,6497.5,6546.149902,6487.299805,6516.899902,6516.899902,175000
2014-03-13,6491.75,6561.450195,6476.649902,6493.100098,6493.100098,167900
2014-03-14,6447.25,6518.450195,6432.700195,6504.200195,6504.200195,177300
2014-03-18,6532.450195,6574.950195,6497.649902,6516.649902,6516.649902,179300
2014-03-19,6530,6541.200195,6506,6524.049805,6524.049805,172500
2014-03-20,6508.350098,6523.649902,6473.25,6483.100098,6483.100098,142000
2014-03-21,6515.200195,6522.899902,6485.700195,6493.200195,6493.200195,189900
2014-03-22,null,null,null,null,null,null
2014-03-24,6510.5,6591.5,6510.5,6583.5,6583.5,158400
2014-03-25,6550.100098,6595.549805,6544.850098,6589.75,6589.75,168100
2014-03-26,6615.649902,6627.450195,6580.600098,6601.399902,6601.399902,186600
2014-03-27,6613.100098,6673.950195,6599.5,6641.75,6641.75,312400
2014-03-28,6673.049805,6702.600098,6643.799805,6695.899902,6695.899902,184800
2014-03-31,6723.149902,6730.049805,6662.399902,6704.200195,6704.200195,220600
2014-04-01,6729.5,6732.25,6675.450195,6721.049805,6721.049805,177800
2014-04-02,6757.600098,6763.5,6723.600098,6752.549805,6752.549805,173300
2014-04-03,6772.049805,6776.75,6696.899902,6736.100098,6736.100098,197500
2014-04-04,6741.850098,6741.850098,6685.149902,6694.350098,6694.350098,155100
2014-04-07,6694.25,6725.149902,6650.399902,6695.049805,6695.049805,133900
2014-04-09,6722,6808.700195,6705.100098,6796.200195,6796.200195,169800
2014-04-10,6803.049805,6819.049805,6777.299805,6796.399902,6796.399902,191100
2014-04-11,6758.350098,6789.350098,6743.149902,6776.299805,6776.299805,140700
2014-04-15,6792.700195,6813.399902,6711.75,6733.100098,6733.100098,123200
2014-04-16,6727.25,6748.649902,6665.149902,6675.299805,6675.299805,119800
2014-04-17,6695.450195,6783.049805,6684.399902,6779.399902,6779.399902,131500
2014-04-21,6789.25,6825.450195,6786.899902,6817.649902,6817.649902,111800
2014-04-22,6822.899902,6838,6806.25,6815.350098,6815.350098,114700
2014-04-23,6823.25,6861.600098,6820.75,6840.799805,6840.799805,183000
2014-04-24,null,null,null,null,null,null
2014-04-25,6855.799805,6869.850098,6772.850098,6782.75,6782.75,154300
2014-04-28,6778.549805,6786.25,6750.299805,6761.25,6761.25,118200
2014-04-29,6769,6779.700195,6708.649902,6715.25,6715.25,115500
2014-04-30,6724.950195,6780.149902,6656.799805,6696.399902,6696.399902,161100
2014-05-02,6709.950195,6737.649902,6689.5,6694.799805,6694.799805,114300
2014-05-05,6681.649902,6741.049805,6680.450195,6699.350098,6699.350098,105000
2014-05-06,6719.25,6743.450195,6701.899902,6715.299805,6715.299805,88300
2014-05-07,6708.600098,6718.75,6642.899902,6652.549805,6652.549805,114100
2014-05-08,6669.899902,6688.399902,6638.549805,6659.850098,6659.850098,101600
2014-05-09,6654.149902,6871.350098,6652.149902,6858.799805,6858.799805,166400
2014-05-12,6863.399902,7020.049805,6862.899902,7014.25,7014.25,157700
2014-05-13,7080,7172.350098,7067.149902,7108.75,7108.75,232200
2014-05-14,7112,7142.25,7080.899902,7108.75,7108.75,177200
2014-05-15,7111.299805,7152.549805,7082.549805,7123.149902,7123.149902,186800
2014-05-16,7270.200195,7563.5,7130.649902,7203,7203,393200
2014-05-19,7276.850098,7291.100098,7193.549805,7263.549805,7263.549805,316200
2014-05-20,7309.950195,7353.649902,7247.700195,7275.5,7275.5,255300
2014-05-21,7274.850098,7287.149902,7206.700195,7252.899902,7252.899902,203100
2014-05-22,7289.950195,7319.549805,7258.149902,7276.399902,7276.399902,240900
2014-05-23,7306.5,7381,7293.899902,7367.100098,7367.100098,259600
2014-05-26,7428.75,7504,7269.049805,7359.049805,7359.049805,273200
2014-05-27,7363.100098,7372.950195,7274.75,7318,7318,168600
2014-05-28,7324.950195,7344.75,7302.600098,7329.649902,7329.649902,175600
2014-05-29,7316.600098,7325.399902,7224.399902,7235.649902,7235.649902,241100
2014-05-30,7254.850098,7272.5,7118.450195,7229.950195,7229.950195,312200
2014-06-02,7264.049805,7368.600098,7239.5,7362.5,7362.5,169900
2014-06-03,7375.350098,7424.950195,7342.149902,7415.850098,7415.850098,234700
2014-06-04,7417.549805,7433.299805,7391.350098,7402.25,7402.25,204600
2014-06-05,7399.75,7484.700195,7360.5,7474.100098,7474.100098,250700
2014-06-06,7521.5,7592.700195,7497.649902,7583.399902,7583.399902,248400
2014-06-09,7621.649902,7673.700195,7580.25,7654.600098,7654.600098,231900
2014-06-10,7679.049805,7683.200195,7579.299805,7656.399902,7656.399902,188700
2014-06-11,7672.399902,7700.049805,7589.049805,7626.850098,7626.850098,186200
2014-06-12,7641.299805,7658,7593.799805,7649.899902,7649.899902,148200
2014-06-13,7668.200195,7678.5,7525.350098,7542.100098,7542.100098,174500
2014-06-16,7534.799805,7548.600098,7487.549805,7533.549805,7533.549805,155400
2014-06-17,7525.049805,7637.600098,7509.25,7631.700195,7631.700195,158000
2014-06-18,7636.049805,7663,7515.5,7558.200195,7558.200195,165100
2014-06-19,7580.049805,7606.450195,7502.549805,7540.700195,7540.700195,148900
2014-06-20,7543.299805,7560.549805,7497.299805,7511.450195,7511.450195,124100
2014-06-23,7514,7534.799805,7441.600098,7493.350098,7493.350098,127400
2014-06-24,7515.200195,7593.350098,7515.200195,7580.200195,7580.200195,137000
2014-06-25,7588.549805,7589.25,7557.049805,7569.25,7569.25,115000
2014-06-26,7554.100098,7570.200195,7481.299805,7493.200195,7493.200195,171700
2014-06-27,7514.200195,7538.75,7482.299805,7508.799805,7508.799805,126700
2014-06-30,7534.049805,7623.649902,7531.600098,7611.350098,7611.350098,152300
2014-07-01,7629,7649.5,7618.149902,7634.700195,7634.700195,139400
2014-07-02,7683.049805,7732.399902,7677.299805,7725.149902,7725.149902,136300
2014-07-03,7734.350098,7754.649902,7706.799805,7714.799805,7714.799805,133800
2014-07-04,7718.100098,7758,7661.299805,7751.600098,7751.600098,113100
2014-07-07,7780.399902,7792,7755.100098,7787.149902,7787.149902,173900
2014-07-08,7804.049805,7808.850098,7595.899902,7623.200195,7623.200195,180600
2014-07-09,7637.950195,7650.100098,7551.649902,7585,7585,168300
2014-07-10,7589.5,7731.049805,7479.049805,7567.75,7567.75,258400
2014-07-11,7584.100098,7625.850098,7447.200195,7459.600098,7459.600098,187600
2014-07-14,7469,7478.450195,7422.149902,7454.149902,7454.149902,135200
2014-07-15,7491.299805,7534.899902,7459.149902,7526.649902,7526.649902,122100
2014-07-16,7564.149902,7640.100098,7532.450195,7624.399902,7624.399902,168000
2014-07-17,7612.700195,7655.649902,7612.700195,7640.450195,7640.450195,141600
2014-07-18,7630.25,7685,7595.5,7663.899902,7663.899902,134600
2014-07-21,7701.649902,7722.100098,7674,7684.200195,7684.200195,105400
2014-07-22,7708.200195,7773.850098,7704.799805,7767.850098,7767.850098,120100
2014-07-23,7794.899902,7809.200195,7752.899902,7795.75,7795.75,122100
2014-07-24,7796.25,7835.649902,7771.649902,7830.600098,7830.600098,117600
2014-07-25,7828.200195,7840.950195,7748.600098,7790.450195,7790.450195,153900
2014-07-28,7792.899902,7799.899902,7722.649902,7748.700195,7748.700195,116500
2014-07-30,7746.200195,7798.700195,7707.600098,7791.399902,7791.399902,178100
2014-07-31,7784.649902,7791.850098,7711.149902,7721.299805,7721.299805,208900
2014-08-01,7662.5,7716.700195,7593.899902,7602.600098,7602.600098,181100
2014-08-04,7639.549805,7694.799805,7622.049805,7683.649902,7683.649902,137000
2014-08-05,7706.649902,7752.450195,7638.049805,7746.549805,7746.549805,128200
2014-08-06,7726.149902,7740.950195,7658.950195,7672.049805,7672.049805,116400
2014-08-07,7651.149902,7708.950195,7630.399902,7649.25,7649.25,116800
2014-08-08,7588.700195,7592.450195,7540.100098,7568.549805,7568.549805,118400
2014-08-11,7619.850098,7635.549805,7598.600098,7625.950195,7625.950195,107000
2014-08-12,7688.799805,7735.75,7654.799805,7727.049805,7727.049805,120600
2014-08-13,7717.299805,7757.100098,7695.700195,7739.549805,7739.549805,154100
2014-08-14,7756.149902,7796.700195,7739.100098,7791.700195,7791.700195,127300
2014-08-18,7785.25,7880.5,7779.200195,7874.25,7874.25,126700
2014-08-19,7901,7918.549805,7881.149902,7897.5,7897.5,140600
2014-08-20,7915.799805,7922.700195,7864.049805,7875.299805,7875.299805,117300
2014-08-21,7875.350098,7919.649902,7855.950195,7891.100098,7891.100098,115200
2014-08-22,7904.549805,7929.049805,7900.049805,7913.200195,7913.200195,104100
2014-08-25,7931.75,7968.25,7897.950195,7906.299805,7906.299805,118500
2014-08-26,7874.5,7915.450195,7862.450195,7904.75,7904.75,142800
2014-08-27,7933.899902,7946.850098,7916.549805,7936.049805,7936.049805,120000
2014-08-28,7942.25,7967.799805,7939.200195,7954.350098,7954.350098,189700
2014-09-01,7990.350098,8035,7984,8027.700195,8027.700195,139300
2014-09-02,8038.600098,8101.950195,8036.549805,8083.049805,8083.049805,134900
2014-09-03,8110.850098,8141.899902,8092.25,8114.600098,8114.600098,150700
2014-09-04,8114.200195,8114.799805,8060.899902,8095.950195,8095.950195,141300
2014-09-05,8099.899902,8122.700195,8049.850098,8086.850098,8086.850098,126000
2014-09-08,8132.950195,8180.200195,8126.149902,8173.899902,8173.899902,120700
2014-09-09,8161.899902,8174.549805,8126.5,8152.950195,8152.950195,104700
2014-09-10,8135.549805,8135.75,8082.100098,8094.100098,8094.100098,107100
2014-09-11,8115.149902,8127.950195,8057.299805,8085.700195,8085.700195,122800
2014-09-12,8087.049805,8114.299805,8071.600098,8105.5,8105.5,111400
2014-09-15,8070.350098,8077.299805,8030,8042,8042,96500
2014-09-16,8036.600098,8044.899902,7925.149902,7932.899902,7932.899902,128000
2014-09-17,7971.5,7990.649902,7936.950195,7975.5,7975.5,123700
2014-09-18,7950.649902,8120.850098,7939.700195,8114.75,8114.75,116900
2014-09-19,8129.399902,8160.899902,8105.350098,8121.450195,8121.450195,161300
2014-09-22,8084.450195,8159.899902,8064.799805,8146.299805,8146.299805,105500
2014-09-23,8144.399902,8159.75,8008.100098,8017.549805,8017.549805,140800
2014-09-24,8015.549805,8042.049805,7950.049805,8002.399902,8002.399902,182200
2014-09-25,8003.299805,8019.299805,7877.350098,7911.850098,7911.850098,231900
2014-09-26,7885.850098,7993.299805,7841.799805,7968.850098,7968.850098,147800
2014-09-29,7978.450195,7991.75,7934.700195,7958.899902,7958.899902,97300
2014-09-30,7948.799805,8030.899902,7923.850098,7964.799805,7964.799805,141100
2014-10-01,7960.5,7977.5,7936.700195,7945.549805,7945.549805,113000
2014-10-07,7897.399902,7943.049805,7842.700195,7852.399902,7852.399902,148200
2014-10-08,7828.75,7869.899902,7815.75,7842.700195,7842.700195,135900
2014-10-09,7886.5,7972.350098,7886.5,7960.549805,7960.549805,123800
2014-10-10,7911,7924.049805,7848.450195,7859.950195,7859.950195,142900
2014-10-13,7831,7901.149902,7796,7884.25,7884.25,118800
2014-10-14,7923.25,7928,7825.450195,7864,7864,225500
2014-10-15,null,null,null,null,null,null
2014-10-16,7837.299805,7893.899902,7729.649902,7748.200195,7748.200195,213500
2014-10-17,7733.75,7819.200195,7723.850098,7779.700195,7779.700195,177600
2014-10-20,7896.950195,7905.950195,7856.950195,7879.399902,7879.399902,176200
2014-10-21,7906.149902,7936.600098,7874.350098,7927.75,7927.75,163400
2014-10-22,7997.799805,8005,7974.549805,7995.899902,7995.899902,151100
2014-10-27,8027.700195,8064.399902,7985.649902,7991.700195,7991.700195,152400
2014-10-28,8002.399902,8037.799805,7995.049805,8027.600098,8027.600098,124100
2014-10-29,8077.049805,8097.950195,8052.25,8090.450195,8090.450195,148300
2014-10-30,8085.200195,8181.549805,8085.200195,8169.200195,8169.200195,205700
2014-10-31,8200.799805,8330.75,8198.049805,8322.200195,8322.200195,176200
2014-11-03,8348.150391,8350.599609,8297.650391,8324.150391,8324.150391,141100
2014-11-05,8351.25,8365.549805,8323.5,8338.299805,8338.299805,161600
2014-11-07,8331.849609,8360.349609,8290.25,8337,8337,153400
2014-11-10,8337.799805,8383.049805,8304.450195,8344.25,8344.25,130700
2014-11-11,8354.099609,8378.700195,8321.849609,8362.650391,8362.650391,122000
2014-11-12,8378.900391,8415.049805,8370.5,8383.299805,8383.299805,125200
2014-11-13,8405.25,8408,8320.349609,8357.849609,8357.849609,127400
2014-11-14,8360.700195,8400.650391,8346.799805,8389.900391,8389.900391,146800
2014-11-17,8378.400391,8438.099609,8349.099609,8430.75,8430.75,113900
2014-11-18,8441.25,8454.5,8407.25,8425.900391,8425.900391,134700
2014-11-19,8440.650391,8455.650391,8360.5,8382.299805,8382.299805,125400
2014-11-20,8406.5,8410.849609,8353.150391,8401.900391,8401.900391,122800
2014-11-21,8408.200195,8489.799805,8398.599609,8477.349609,8477.349609,137000
2014-11-24,8490.950195,8534.650391,8490.799805,8530.150391,8530.150391,140700
2014-11-25,8530.799805,8535.349609,8429.450195,8463.099609,8463.099609,271900
2014-11-26,8450.299805,8500.299805,8438.650391,8475.75,8475.75,151900
2014-11-27,8477.799805,8506.75,8456.349609,8494.200195,8494.200195,194300
2014-11-28,8516.799805,8617,8516.25,8588.25,8588.25,197200
2014-12-01,8605.099609,8623,8545.150391,8555.900391,8555.900391,152000
2014-12-02,8535.450195,8560.200195,8504.650391,8524.700195,8524.700195,137400
2014-12-03,8528.700195,8546.950195,8508.349609,8537.650391,8537.650391,153200
2014-12-04,8582.400391,8626.950195,8526.400391,8564.400391,8564.400391,143500
2014-12-05,8584.25,8588.349609,8523.900391,8538.299805,8538.299805,143300
2014-12-08,8538.650391,8546.349609,8432.25,8438.25,8438.25,163800
2014-12-09,8439.299805,8444.5,8330.5,8340.700195,8340.700195,146300
2014-12-10,8318.049805,8376.799805,8317,8355.650391,8355.650391,136700
2014-12-11,8338.849609,8348.299805,8272.400391,8292.900391,8292.900391,133900
2014-12-12,8302,8321.900391,8216.299805,8224.099609,8224.099609,138100
2014-12-15,8160.75,8242.400391,8152.5,8219.599609,8219.599609,137100
2014-12-16,8172.600098,8189.350098,8052.600098,8067.600098,8067.600098,197300
2014-12-17,8041.200195,8082,7961.350098,8029.799805,8029.799805,216200
2014-12-18,8138.899902,8174.299805,8084.899902,8159.299805,8159.299805,162100
2014-12-19,8230.450195,8263.450195,8208.599609,8225.200195,8225.200195,174800
2014-12-22,8255,8330.950195,8228.200195,8324,8324,139200
2014-12-23,8324.599609,8364.75,8252.849609,8267,8267,132200
2014-12-24,8272.049805,8286.400391,8155.25,8174.100098,8174.100098,221900
2014-12-26,8204.799805,8234.549805,8147.950195,8200.700195,8200.700195,75500
2014-12-29,8214.700195,8279.150391,8214.700195,8246.299805,8246.299805,82100
2014-12-30,8260.299805,8268.25,8220.549805,8248.25,8248.25,77700
2014-12-31,8243.900391,8291,8243.75,8282.700195,8282.700195,84500
2015-01-01,null,null,null,null,null,null
2015-01-02,8288.700195,8410.599609,8288.700195,8395.450195,8395.450195,101900
2015-01-05,8407.950195,8445.599609,8363.900391,8378.400391,8378.400391,118200
2015-01-06,8325.299805,8327.849609,8111.350098,8127.350098,8127.350098,172800
2015-01-07,8118.649902,8151.200195,8065.450195,8102.100098,8102.100098,164100
2015-01-08,8191.399902,8243.5,8167.299805,8234.599609,8234.599609,143800
2015-01-09,8285.450195,8303.299805,8190.799805,8284.5,8284.5,148000
2015-01-12,8291.349609,8332.599609,8245.599609,8323,8323,103200
2015-01-13,8346.150391,8356.650391,8267.900391,8299.400391,8299.400391,129600
2015-01-14,8307.25,8326.450195,8236.650391,8277.549805,8277.549805,146100
2015-01-15,8424.5,8527.099609,8380.549805,8494.150391,8494.150391,232100
2015-01-16,8504.049805,8530.75,8452.25,8513.799805,8513.799805,176000
2015-01-19,8550.049805,8570.950195,8531.5,8550.700195,8550.700195,125400
2015-01-20,8575.099609,8707.900391,8574.5,8695.599609,8695.599609,158700
2015-01-21,8719.650391,8741.849609,8689.599609,8729.5,8729.5,185900
2015-01-22,8745.849609,8774.150391,8727,8761.400391,8761.400391,175500
2015-01-23,8827.950195,8866.400391,8795.400391,8835.599609,8835.599609,191200
2015-01-27,8871.349609,8925.049805,8825.450195,8910.5,8910.5,192000
2015-01-28,8902.75,8985.049805,8874.049805,8914.299805,8914.299805,185100
2015-01-29,8901.5,8966.650391,8861.25,8952.349609,8952.349609,256300
2015-01-30,8996.599609,8996.599609,8775.099609,8808.900391,8808.900391,267300
2015-02-02,8802.5,8840.799805,8751.099609,8797.400391,8797.400391,210100
2015-02-03,8823.150391,8837.299805,8726.650391,8756.549805,8756.549805,208700
2015-02-04,8789.150391,8792.849609,8704.400391,8723.700195,8723.700195,195300
2015-02-05,8733.099609,8838.450195,8683.650391,8711.700195,8711.700195,173600
2015-02-06,8696.849609,8726.200195,8645.549805,8661.049805,8661.049805,171300
2015-02-09,8584.400391,8605.549805,8516.349609,8526.349609,8526.349609,146800
2015-02-10,8478.099609,8646.25,8470.5,8565.549805,8565.549805,196200
2015-02-11,8603.299805,8651.950195,8593.650391,8627.400391,8627.400391,161600
2015-02-12,8676.950195,8732.549805,8599.25,8711.549805,8711.549805,158800
2015-02-13,8741.5,8822.099609,8729.650391,8805.5,8805.5,221900
2015-02-16,8831.400391,8870.099609,8793.400391,8809.349609,8809.349609,136400
2015-02-18,8811.549805,8894.299805,8808.900391,8869.099609,8869.099609,147600
2015-02-19,8883.049805,8913.450195,8794.450195,8895.299805,8895.299805,213300
2015-02-20,8895.5,8899.950195,8816.299805,8833.599609,8833.599609,197600
2015-02-23,8856.849609,8869,8736.099609,8754.950195,8754.950195,139600
2015-02-24,8772.900391,8800.5,8726.75,8762.099609,8762.099609,149800
2015-02-25,8801.900391,8840.650391,8751.400391,8767.25,8767.25,135200
2015-02-26,8779,8786.049805,8669.450195,8683.849609,8683.849609,217500
2015-02-27,8729.5,8856.950195,8717.450195,8844.599609,8844.599609,249500
2015-02-28,null,null,null,null,null,null
2015-03-02,8953.849609,8972.349609,8885.450195,8956.75,8956.75,218100
2015-03-03,8962.849609,9008.400391,8925.549805,8996.25,8996.25,177800
2015-03-04,9109.150391,9119.200195,8893.950195,8922.650391,8922.650391,248400
2015-03-05,8929.400391,8957.549805,8849.349609,8937.75,8937.75,160100
2015-03-09,8891.150391,8891.299805,8740.450195,8756.75,8756.75,155500
2015-03-10,8769.75,8778,8677.349609,8712.049805,8712.049805,163800
2015-03-11,8728.75,8755.599609,8682.349609,8699.950195,8699.950195,172800
2015-03-12,8740.650391,8787.200195,8732.900391,8776,8776,173900
2015-03-13,8844.049805,8849.75,8631.75,8647.75,8647.75,179200
2015-03-16,8656.75,8663.549805,8612,8633.150391,8633.150391,163300
2015-03-17,8689.099609,8742.549805,8630.799805,8723.299805,8723.299805,177000
2015-03-18,8742.900391,8747.25,8664,8685.900391,8685.900391,156400
2015-03-19,8749.450195,8788.200195,8614.650391,8634.650391,8634.650391,163500
2015-03-20,8627.900391,8627.900391,8553,8570.900391,8570.900391,174600
2015-03-23,8591.549805,8608.349609,8540.549805,8550.900391,8550.900391,150700
2015-03-24,8537.049805,8627.75,8535.849609,8542.950195,8542.950195,156700
2015-03-25,8568.900391,8573.75,8516.549805,8530.799805,8530.799805,161000
2015-03-26,8474.950195,8499.450195,8325.349609,8342.150391,8342.150391,280100
2015-03-27,8396,8413.200195,8269.150391,8341.400391,8341.400391,193000
2015-03-30,8390.950195,8492.299805,8380.75,8492.299805,8492.299805,134700
2015-03-31,8527.599609,8550.450195,8454.150391,8491,8491,167200
2015-04-01,8483.700195,8603.400391,8464.75,8586.25,8586.25,125500
2015-04-06,8615.799805,8667.549805,8573.75,8659.900391,8659.900391,146900
2015-04-07,8684.450195,8693.599609,8586.849609,8660.299805,8660.299805,148700
2015-04-08,8698.950195,8730.5,8679.799805,8714.400391,8714.400391,148200
2015-04-09,8756.200195,8785.5,8682.450195,8778.299805,8778.299805,152700
2015-04-10,8774.349609,8787.400391,8733.599609,8780.349609,8780.349609,139000
2015-04-13,8801.75,8841.650391,8762.099609,8834,8834,121600
2015-04-15,null,null,null,null,null,null
2015-04-16,8757.049805,8760,8645.650391,8706.700195,8706.700195,142900
2015-04-17,8698.049805,8699.849609,8596.700195,8606,8606,150400
2015-04-20,8618.799805,8619.950195,8422.75,8448.099609,8448.099609,148900
2015-04-21,8416.099609,8469.349609,8352.700195,8377.75,8377.75,407800
2015-04-22,8400.400391,8449.950195,8284.700195,8429.700195,8429.700195,171800
2015-04-23,8478.200195,8504.950195,8361.849609,8398.299805,8398.299805,156000
2015-04-24,8405.700195,8413.299805,8273.349609,8305.25,8305.25,173600
2015-04-27,8330.549805,8334.450195,8202.349609,8213.799805,8213.799805,171500
2015-04-28,8215.549805,8308,8185.149902,8285.599609,8285.599609,174600
2015-04-29,8274.799805,8308.200195,8219.200195,8239.75,8239.75,160400
2015-04-30,8224.5,8229.400391,8144.75,8181.5,8181.5,267700
2015-05-04,8230.049805,8346,8220.450195,8331.950195,8331.950195,131700
2015-05-05,8338.400391,8355.650391,8280.599609,8324.799805,8324.799805,155500
2015-05-06,8316.599609,8331.950195,8083,8097,8097,209600
2015-05-07,8077,8122.600098,7997.149902,8057.299805,8057.299805,161600
2015-05-08,8131.5,8224.950195,8123.450195,8191.5,8191.5,183100
2015-05-11,8243.200195,8332.75,8224.650391,8325.25,8325.25,192000
2015-05-12,8326.150391,8326.650391,8115.299805,8126.950195,8126.950195,173400
2015-05-13,8181.549805,8254.950195,8089.799805,8235.450195,8235.450195,169800
2015-05-14,8232.450195,8236.25,8137.299805,8224.200195,8224.200195,134800
2015-05-15,8240.299805,8279.200195,8212.200195,8262.349609,8262.349609,129800
2015-05-18,8284.950195,8384.599609,8271.950195,8373.650391,8373.650391,148700
2015-05-19,8356.200195,8427.799805,8335,8365.650391,8365.650391,140300
2015-05-20,8392.650391,8440.349609,8391.450195,8423.25,8423.25,123600
2015-05-21,8434.5,8446.349609,8382.5,8421,8421,143800
2015-05-22,8432.5,8489.549805,8420.599609,8458.950195,8458.950195,187300
2015-05-25,8438.150391,8441.950195,8364.150391,8370.25,8370.25,121300
2015-05-26,8377.099609,8378.900391,8320.049805,8339.349609,8339.349609,116800
2015-05-27,8302.75,8342.849609,8277.950195,8334.599609,8334.599609,165500
2015-05-28,8345.700195,8364.5,8270.150391,8319,8319,232300
2015-05-29,8327.099609,8443.900391,8305.700195,8433.650391,8433.650391,363900
2015-06-01,8417.25,8467.150391,8405.400391,8433.400391,8433.400391,122200
2015-06-02,8442.799805,8445.349609,8226.049805,8236.450195,8236.450195,146800
2015-06-03,8232.450195,8236.700195,8094.149902,8135.100098,8135.100098,171400
2015-06-04,8155.149902,8160.049805,8056.75,8130.649902,8130.649902,154700
2015-06-05,8119.149902,8191,8100.149902,8114.700195,8114.700195,162100
2015-06-08,8124.350098,8131,8030.549805,8044.149902,8044.149902,135900
2015-06-09,8026.5,8057.149902,8005.149902,8022.399902,8022.399902,136000
2015-06-10,8024.149902,8152.25,8023.799805,8124.450195,8124.450195,136800
2015-06-11,8157.299805,8163.049805,7958.25,7965.350098,7965.350098,166200
2015-06-12,7959.850098,7995.600098,7940.299805,7982.899902,7982.899902,136600
2015-06-15,7986.600098,8057.700195,7944.850098,8013.899902,8013.899902,133000
2015-06-16,8004.200195,8061.850098,7952.350098,8047.299805,8047.299805,124000
2015-06-17,8084.200195,8136.850098,8048.950195,8091.549805,8091.549805,152500
2015-06-18,8113.700195,8186.899902,8101.799805,8174.600098,8174.600098,144800
2015-06-19,8201.150391,8250.799805,8195.650391,8224.950195,8224.950195,147100
2015-06-22,8259.299805,8369.450195,8257.400391,8353.099609,8353.099609,122700
2015-06-23,8377.450195,8398.450195,8334.950195,8381.549805,8381.549805,131700
2015-06-24,8399.400391,8421.349609,8338.900391,8360.849609,8360.849609,130100
2015-06-25,8336.25,8423.150391,8329.5,8398,8398,201200
2015-06-26,8393.950195,8408.549805,8339.700195,8381.099609,8381.099609,110600
2015-06-29,8247.049805,8329.450195,8195.650391,8318.400391,8318.400391,132000
2015-06-30,8316.349609,8378,8298.950195,8368.5,8368.5,158500
2015-07-01,8376.25,8481.599609,8370.150391,8453.049805,8453.049805,131800
2015-07-02,8471.950195,8479.25,8433.200195,8444.900391,8444.900391,112000
2015-07-03,8440.099609,8497.75,8424.150391,8484.900391,8484.900391,88400
2015-07-06,8386.150391,8533.150391,8386.150391,8522.150391,8522.150391,101500
2015-07-07,8525.5,8561.349609,8483.849609,8510.799805,8510.799805,122200
2015-07-08,8439.200195,8457.5,8341.400391,8363.049805,8363.049805,188100
2015-07-09,8364.849609,8400.299805,8323,8328.549805,8328.549805,131300
2015-07-10,8365.700195,8377.099609,8315.400391,8360.549805,8360.549805,154100
2015-07-13,8397.25,8471.650391,8355.400391,8459.650391,8459.650391,117800
2015-07-14,8470.599609,8480.25,8424.099609,8454.099609,8454.099609,101700
2015-07-15,8463.400391,8531.400391,8462.950195,8523.799805,8523.799805,105500
2015-07-16,8546.150391,8616.099609,8542.900391,8608.049805,8608.049805,116000
2015-07-17,8623.650391,8642.950195,8593.150391,8609.849609,8609.849609,105000
2015-07-20,8623.900391,8624.099609,8559,8603.450195,8603.450195,90600
2015-07-21,8601.5,8646.75,8517.900391,8529.450195,8529.450195,164100
2015-07-22,8512.25,8643.900391,8498.650391,8633.5,8633.5,136800
2015-07-23,8643.950195,8654.75,8573.799805,8589.799805,8589.799805,132900
2015-07-24,8588.150391,8589.150391,8513.5,8521.549805,8521.549805,127400
2015-07-27,8492.099609,8492.200195,8351.549805,8361,8361,136600
2015-07-28,8371.099609,8397.400391,8321.75,8337,8337,174600
2015-07-29,8365.599609,8381.5,8338.450195,8375.049805,8375.049805,141000
2015-07-30,8417,8458.900391,8408.299805,8421.799805,8421.799805,215200
2015-07-31,8456.099609,8548.950195,8448,8532.849609,8532.849609,203300
2015-08-03,8510.650391,8563.950195,8508.099609,8543.049805,8543.049805,156700
2015-08-04,8564.099609,8565.150391,8448.25,8516.900391,8516.900391,187400
2015-08-05,8547.450195,8591.849609,8545.849609,8567.950195,8567.950195,132800
2015-08-06,8585.799805,8606.299805,8551.5,8588.650391,8588.650391,134900
2015-08-07,8580.799805,8595.950195,8552.700195,8564.599609,8564.599609,143700
2015-08-10,8577,8621.549805,8497.799805,8525.599609,8525.599609,123400
2015-08-11,8548.450195,8556.25,8441.299805,8462.349609,8462.349609,154400
2015-08-12,8445.700195,8446.950195,8337.950195,8349.450195,8349.450195,190000
2015-08-13,8384.450195,8429.5,8339.75,8355.849609,8355.849609,189200
2015-08-14,8402.349609,8530.099609,8381.200195,8518.549805,8518.549805,155900
2015-08-17,8530.5,8530.599609,8428.049805,8477.299805,8477.299805,174700
2015-08-18,8505.849609,8525.75,8433.599609,8466.549805,8466.549805,153300
2015-08-19,8468.049805,8520.450195,8425.950195,8495.150391,8495.150391,130500
2015-08-20,8471.049805,8501.349609,8359.75,8372.75,8372.75,184100
2015-08-21,8305.400391,8322.200195,8225.049805,8299.950195,8299.950195,201300
2015-08-24,8055.950195,8060.049805,7769.399902,7809,7809,312400
2015-08-25,7895.399902,7925.399902,7667.25,7880.700195,7880.700195,299100
2015-08-26,7865.25,7930.049805,7777.100098,7791.850098,7791.850098,216600
2015-08-27,7921.600098,7963.600098,7862.299805,7948.950195,7948.950195,305000
2015-08-28,8053.700195,8091.799805,7961.649902,8001.950195,8001.950195,195600
2015-08-31,8009.25,8043.600098,7947.950195,7971.299805,7971.299805,198200
2015-09-01,7907.950195,7929.100098,7746.5,7785.850098,7785.850098,184900
2015-09-02,7856.649902,7862.549805,7699.25,7717,7717,215300
2015-09-03,7774.450195,7845.600098,7754.049805,7823,7823,155800
2015-09-04,7803.399902,7804.899902,7626.850098,7655.049805,7655.049805,193600
2015-09-07,7685.850098,7705.049805,7545.899902,7558.799805,7558.799805,141400
2015-09-08,7587.700195,7720.899902,7539.5,7688.25,7688.25,172200
2015-09-09,7805.850098,7846.049805,7764.549805,7818.600098,7818.600098,208400
2015-09-10,7729.049805,7819.850098,7678.5,7788.100098,7788.100098,160300
2015-09-11,7833.799805,7864.850098,7759.899902,7789.299805,7789.299805,136400
2015-09-14,7811.100098,7879.950195,7761.850098,7872.25,7872.25,122800
2015-09-15,7867.350098,7880,7799.75,7829.100098,7829.100098,136500
2015-09-16,7886.850098,7913.899902,7853.299805,7899.149902,7899.149902,140000
2015-09-18,7967.450195,8055,7955.850098,7981.899902,7981.899902,241800
2015-09-21,7911.5,7987.899902,7908.350098,7977.100098,7977.100098,121800
2015-09-22,8014.799805,8021.600098,7787.75,7812,7812,168400
2015-09-23,7737.350098,7882.899902,7723.25,7845.950195,7845.950195,146700
2015-09-24,7838.399902,7894.5,7804.100098,7868.5,7868.5,202500
2015-09-28,7892.799805,7893.950195,7787.950195,7795.700195,7795.700195,136300
2015-09-29,7725.700195,7926.549805,7691.200195,7843.299805,7843.299805,240700
2015-09-30,7924.25,7957.700195,7874.5,7948.899902,7948.899902,210700
2015-10-01,7992.049805,8008.25,7930.649902,7950.899902,7950.899902,156900
2015-10-05,8005.100098,8128.899902,8005.100098,8119.299805,8119.299805,183100
2015-10-06,8180.450195,8180.950195,8096.5,8152.899902,8152.899902,178500
2015-10-07,8146.200195,8188.899902,8132.899902,8177.399902,8177.399902,193900
2015-10-08,8196.75,8196.75,8105.850098,8129.350098,8129.350098,171700
2015-10-09,8186.350098,8232.200195,8139.649902,8189.700195,8189.700195,199700
2015-10-12,8231.5,8244.5,8128.200195,8143.600098,8143.600098,199100
2015-10-13,8121.950195,8150.25,8088.600098,8131.700195,8131.700195,145900
2015-10-14,8102.399902,8139.299805,8096.350098,8107.899902,8107.899902,138900
2015-10-15,8134.350098,8190.549805,8129.799805,8179.5,8179.5,167200
2015-10-16,8193.650391,8246.400391,8147.649902,8238.150391,8238.150391,156400
2015-10-19,8262.549805,8283.049805,8239.200195,8275.049805,8275.049805,124500
2015-10-20,8280.299805,8294.049805,8229.200195,8261.650391,8261.650391,155100
2015-10-21,8258.349609,8294.400391,8217.150391,8251.700195,8251.700195,144800
2015-10-23,8308.25,8328.099609,8280.75,8295.450195,8295.450195,152000
2015-10-26,8333.650391,8336.299805,8252.049805,8260.549805,8260.549805,133900
2015-10-27,8230.349609,8241.950195,8217.049805,8232.900391,8232.900391,156700
2015-10-28,8188.899902,8209.099609,8131.799805,8171.200195,8171.200195,188900
2015-10-29,8175.450195,8179.600098,8098,8111.75,8111.75,217500
2015-10-30,8123.549805,8146.100098,8044.399902,8065.799805,8065.799805,199500
2015-11-02,8054.549805,8060.700195,7995.600098,8050.799805,8050.799805,136100
2015-11-03,8086.350098,8100.350098,8031.75,8060.700195,8060.700195,132500
2015-11-04,8104.899902,8116.100098,8027.299805,8040.200195,8040.200195,122100
2015-11-05,8030.350098,8031.200195,7944.100098,7955.450195,7955.450195,132100
2015-11-06,7956.549805,8002.649902,7926.149902,7954.299805,7954.299805,219500
2015-11-09,7788.25,7937.75,7771.700195,7915.200195,7915.200195,211800
2015-11-10,7877.600098,7885.100098,7772.850098,7783.350098,7783.350098,165200
2015-11-13,7838.799805,7847.950195,7730.899902,7762.25,7762.25,182600
2015-11-16,7732.950195,7838.850098,7714.149902,7806.600098,7806.600098,149500
2015-11-17,7848.75,7860.450195,7793,7837.549805,7837.549805,145000
2015-11-18,7823.149902,7843.399902,7725.049805,7731.799805,7731.799805,143600
2015-11-19,7788.5,7854.899902,7765.450195,7842.75,7842.75,132600
2015-11-20,7841.899902,7906.950195,7817.799805,7856.549805,7856.549805,151900
2015-11-23,7869.5,7877.5,7825.200195,7849.25,7849.25,127000
2015-11-24,7837,7870.350098,7812.649902,7831.600098,7831.600098,130600
2015-11-26,7837.149902,7897.100098,7832,7883.799805,7883.799805,219800
2015-11-27,7910.600098,7959.299805,7879.450195,7942.700195,7942.700195,150300
2015-11-30,7936.25,7966,7922.799805,7935.25,7935.25,216300
2015-12-01,7958.149902,7972.149902,7934.149902,7954.899902,7954.899902,138600
2015-12-02,7976.700195,7979.299805,7910.799805,7931.350098,7931.350098,126300
2015-12-03,7902.299805,7912.299805,7853.299805,7864.149902,7864.149902,125700
2015-12-04,7817.600098,7821.399902,7775.700195,7781.899902,7781.899902,152500
2015-12-07,7816.549805,7825.399902,7746.049805,7765.399902,7765.399902,137600
2015-12-08,7738.5,7771.25,7685.450195,7701.700195,7701.700195,135100
2015-12-09,7695.5,7702.850098,7606.899902,7612.5,7612.5,140000
2015-12-10,7643.299805,7691.950195,7610,7683.299805,7683.299805,140800
2015-12-11,7699.600098,7703.049805,7575.299805,7610.450195,7610.450195,167800
2015-12-14,7558.200195,7663.950195,7551.049805,7650.049805,7650.049805,148900
2015-12-15,7659.149902,7705,7625.100098,7700.899902,7700.899902,134300
2015-12-16,7725.25,7776.600098,7715.75,7750.899902,7750.899902,154300
2015-12-17,7783.049805,7852.899902,7737.549805,7844.350098,7844.350098,175900
2015-12-18,7828.899902,7836.149902,7753.350098,7761.950195,7761.950195,191400
2015-12-21,7745.649902,7840.75,7733.450195,7834.450195,7834.450195,126300
2015-12-22,7829.399902,7846.299805,7776.850098,7786.100098,7786.100098,125700
2015-12-23,7830.450195,7871.450195,7826.100098,7865.950195,7865.950195,117900
2015-12-24,7888.75,7888.75,7835.5,7861.049805,7861.049805,93500
2015-12-28,7863.200195,7937.200195,7863,7925.149902,7925.149902,122900
2015-12-29,7929.200195,7942.149902,7902.75,7928.950195,7928.950195,113000
2015-12-30,7938.600098,7944.75,7889.850098,7896.25,7896.25,106800
2015-12-31,7897.799805,7955.549805,7891.149902,7946.350098,7946.350098,150900
2016-01-01,null,null,null,null,null,null
2016-01-04,7924.549805,7937.549805,7781.100098,7791.299805,7791.299805,134700
2016-01-05,7828.399902,7831.200195,7763.25,7784.649902,7784.649902,145200
2016-01-06,7788.049805,7800.950195,7721.200195,7741,7741,147100
2016-01-07,7673.350098,7674.950195,7556.600098,7568.299805,7568.299805,188900
2016-01-08,7611.649902,7634.100098,7581.049805,7601.350098,7601.350098,157400
2016-01-11,7527.450195,7605.100098,7494.350098,7563.850098,7563.850098,189000
2016-01-12,7587.200195,7588.299805,7487.799805,7510.299805,7510.299805,163900
2016-01-13,7557.899902,7590.950195,7425.799805,7562.399902,7562.399902,215200
2016-01-14,7467.399902,7604.799805,7443.799805,7536.799805,7536.799805,200800
2016-01-15,7561.649902,7566.5,7427.299805,7437.799805,7437.799805,197500
2016-01-18,7420.350098,7463.649902,7336.399902,7351,7351,233600
2016-01-19,7381.799805,7462.75,7364.149902,7435.100098,7435.100098,188300
2016-01-20,7357,7470.899902,7241.5,7309.299805,7309.299805,225600
2016-01-21,7376.649902,7398.700195,7250,7276.799805,7276.799805,240700
2016-01-22,7355.700195,7433.399902,7327.600098,7422.450195,7422.450195,229200
2016-01-25,7468.75,7487.149902,7421.200195,7436.149902,7436.149902,163200
2016-01-27,7469.600098,7477.899902,7419.700195,7437.75,7437.75,187600
2016-01-28,7426.5,7468.850098,7409.600098,7424.649902,7424.649902,274500
2016-01-29,7413.350098,7575.649902,7402.799805,7563.549805,7563.549805,298700
2016-02-01,7589.5,7600.450195,7541.25,7555.950195,7555.950195,200400
2016-02-02,7566.649902,7576.299805,7428.049805,7455.549805,7455.549805,230200
2016-02-03,7392.450195,7419.399902,7350.299805,7361.799805,7361.799805,192000
2016-02-04,7411.450195,7457.049805,7365.950195,7404,7404,222700
2016-02-05,7418.25,7503.149902,7406.649902,7489.100098,7489.100098,249800
2016-02-08,7489.700195,7512.549805,7363.200195,7387.25,7387.25,171500
2016-02-09,7303.950195,7323.450195,7275.149902,7298.200195,7298.200195,212100
2016-02-10,7264.299805,7271.850098,7177.75,7215.700195,7215.700195,246900
2016-02-11,7203.600098,7208.649902,6959.950195,6976.350098,6976.350098,292300
2016-02-12,7023.649902,7034.799805,6869,6980.950195,6980.950195,333900
2016-02-15,7057.350098,7182.799805,7056.799805,7162.950195,7162.950195,354200
2016-02-16,7201.25,7204.649902,7037.700195,7048.25,7048.25,253800
2016-02-17,7058.850098,7123.700195,6960.649902,7108.450195,7108.450195,260000
2016-02-18,7177.399902,7215.100098,7127.850098,7191.75,7191.75,246700
2016-02-19,7170.549805,7226.850098,7145.950195,7210.75,7210.75,192300
2016-02-22,7208.850098,7252.399902,7200.700195,7234.549805,7234.549805,154400
2016-02-23,7240.299805,7241.700195,7090.700195,7109.549805,7109.549805,194400
2016-02-24,7075,7090.799805,7009.75,7018.700195,7018.700195,199700
2016-02-25,7029.850098,7034.200195,6961.399902,6970.600098,6970.600098,283100
2016-02-26,7039.299805,7052.899902,6985.100098,7029.75,7029.75,206700
2016-02-29,7050.450195,7094.600098,6825.799805,6987.049805,6987.049805,473400
2016-03-01,7038.25,7235.5,7035.100098,7222.299805,7222.299805,275100
2016-03-02,7321.700195,7380.350098,7308.149902,7368.850098,7368.850098,338500
2016-03-03,7429.549805,7483.950195,7406.049805,7475.600098,7475.600098,278600
2016-03-04,7505.399902,7505.899902,7444.100098,7485.350098,7485.350098,281700
2016-03-08,7486.399902,7527.149902,7442.149902,7485.299805,7485.299805,257000
2016-03-09,7436.100098,7539,7424.299805,7531.799805,7531.799805,245100
2016-03-10,7545.350098,7547.100098,7447.399902,7486.149902,7486.149902,224700
2016-03-11,7484.850098,7543.950195,7460.600098,7510.200195,7510.200195,198700
2016-03-14,7542.600098,7583.700195,7515.049805,7538.75,7538.75,166900
2016-03-15,7535.850098,7545.200195,7452.799805,7460.600098,7460.600098,193700
2016-03-16,7457.049805,7508,7405.149902,7498.75,7498.75,195400
2016-03-17,7557.399902,7585.299805,7479.399902,7512.549805,7512.549805,239600
2016-03-18,7534.649902,7613.600098,7517.899902,7604.350098,7604.350098,237400
2016-03-21,7619.200195,7713.549805,7617.700195,7704.25,7704.25,196800
2016-03-22,7695.549805,7728.200195,7643.799805,7714.899902,7714.899902,208900
2016-03-23,7717.450195,7726.850098,7670.600098,7716.5,7716.5,199600
2016-03-28,7741,7749.399902,7587.700195,7615.100098,7615.100098,242400
2016-03-29,7606.549805,7652.899902,7582.25,7597,7597,216800
2016-03-30,7651.100098,7741.950195,7643.450195,7735.200195,7735.200195,232600
2016-03-31,7727.649902,7777.600098,7702,7738.399902,7738.399902,380100
2016-04-01,7718.049805,7740.149902,7666.100098,7713.049805,7713.049805,183900
2016-04-04,7733.149902,7764.450195,7704.399902,7758.799805,7758.799805,155500
2016-04-05,7736.299805,7736.299805,7588.649902,7603.200195,7603.200195,203800
2016-04-06,7636.049805,7638.649902,7591.75,7614.350098,7614.350098,165600
2016-04-07,7630.399902,7630.75,7535.850098,7546.450195,7546.450195,234400
2016-04-08,7542.350098,7569.350098,7526.700195,7555.200195,7555.200195,143400
2016-04-11,7577.799805,7678.799805,7516.850098,7671.399902,7671.399902,179800
2016-04-12,7669.25,7717.399902,7663.350098,7708.950195,7708.950195,163400
2016-04-13,7777.149902,7864.799805,7772.200195,7850.450195,7850.450195,220400
2016-04-18,7908.149902,7920.600098,7842.75,7914.700195,7914.700195,184600
2016-04-20,7950.049805,7950.399902,7877.549805,7914.75,7914.75,205300
2016-04-21,7953.649902,7978.450195,7884.100098,7912.049805,7912.049805,223700
2016-04-22,7891.799805,7923.350098,7873.350098,7899.299805,7899.299805,183300
2016-04-25,7894.799805,7911,7827,7855.049805,7855.049805,146300
2016-04-26,7828.149902,7974.5,7822.549805,7962.649902,7962.649902,202400
2016-04-27,7942,7991,7940.549805,7979.899902,7979.899902,206800
2016-04-28,7967.399902,7992,7834.450195,7847.25,7847.25,292500
2016-04-29,7844.25,7889.049805,7788.700195,7849.799805,7849.799805,243700
2016-05-02,7822.700195,7829.799805,7777.299805,7805.899902,7805.899902,146300
2016-05-03,7824.799805,7890.25,7735.149902,7747,7747,186500
2016-05-04,7724.149902,7749,7697.25,7706.549805,7706.549805,199700
2016-05-05,7731,7777.549805,7706.850098,7735.5,7735.5,185100
2016-05-06,7717.649902,7738.899902,7678.350098,7733.450195,7733.450195,163600
2016-05-09,7755.25,7873.649902,7753.549805,7866.049805,7866.049805,160600
2016-05-10,7873.549805,7896.899902,7837.700195,7887.799805,7887.799805,162000
2016-05-11,7804.649902,7893.100098,7780.899902,7848.850098,7848.850098,214100
2016-05-12,7871.450195,7916.049805,7849.649902,7900.399902,7900.399902,152700
2016-05-13,7881,7881,7784.200195,7814.899902,7814.899902,179500
2016-05-16,7831.200195,7873.899902,7772.149902,7860.75,7860.75,205200
2016-05-17,7896.850098,7940.100098,7879.700195,7890.75,7890.75,183400
2016-05-18,7846.75,7882.049805,7810.75,7870.149902,7870.149902,156400
2016-05-19,7875.5,7876.200195,7766.799805,7783.399902,7783.399902,170400
2016-05-20,7792.200195,7812.399902,7735.75,7749.700195,7749.700195,157000
2016-05-23,7813.950195,7820.600098,7722.200195,7731.049805,7731.049805,172000
2016-05-24,7738.049805,7761.549805,7715.799805,7748.850098,7748.850098,147000
2016-05-25,7811.799805,7941.200195,7809.299805,7934.899902,7934.899902,176200
2016-05-26,7974.450195,8083,7948.5,8069.649902,8069.649902,264300
2016-05-27,8081.950195,8164.200195,8077.049805,8156.649902,8156.649902,260900
2016-05-30,8166.5,8200,8150.799805,8178.5,8178.5,247400
2016-05-31,8209.849609,8213.599609,8134.299805,8160.100098,8160.100098,471000
2016-06-01,8179.200195,8215.349609,8171.049805,8179.950195,8179.950195,194400
2016-06-02,8156.899902,8229.5,8154.75,8218.950195,8218.950195,181700
2016-06-03,8246.200195,8262,8209.849609,8220.799805,8220.799805,379000
2016-06-06,8228.75,8234.700195,8186.049805,8201.049805,8201.049805,171600
2016-06-07,8235.549805,8294.950195,8216.400391,8266.450195,8266.450195,241900
2016-06-08,8285.5,8288.900391,8252.049805,8273.049805,8273.049805,174300
2016-06-09,8273.349609,8273.349609,8184.600098,8203.599609,8203.599609,174900
2016-06-10,8180.25,8265.599609,8162.850098,8170.049805,8170.049805,182200
2016-06-13,8102.25,8125.25,8063.899902,8110.600098,8110.600098,169700
2016-06-14,8134.399902,8134.950195,8069.5,8108.850098,8108.850098,145500
2016-06-15,8139.399902,8213.200195,8123.149902,8206.599609,8206.599609,169800
2016-06-16,8180.649902,8180.649902,8074.450195,8140.75,8140.75,189200
2016-06-17,8176.649902,8195.25,8135.799805,8170.200195,8170.200195,166600
2016-06-20,8115.75,8244.150391,8107.350098,8238.5,8238.5,168600
2016-06-21,8255.400391,8257.25,8202.150391,8219.900391,8219.900391,137000
2016-06-22,8213.650391,8238.349609,8153.25,8203.700195,8203.700195,136100
2016-06-23,8201.150391,8285.599609,8188.299805,8270.450195,8270.450195,154100
2016-06-24,8029.100098,8100.700195,7927.049805,8088.600098,8088.600098,297600
2016-06-27,8039.350098,8120.649902,8039.350098,8094.700195,8094.700195,162500
2016-06-28,8096.049805,8146.350098,8086.850098,8127.850098,8127.850098,170400
2016-06-29,8173.100098,8212.400391,8157.649902,8204,8204,147000
2016-06-30,8260.25,8308.150391,8242.099609,8287.75,8287.75,279400
2016-07-01,8313.049805,8356.75,8308.650391,8328.349609,8328.349609,165500
2016-07-04,8376.75,8398.450195,8364.700195,8370.700195,8370.700195,154200
2016-07-05,8379.299805,8381.450195,8319.950195,8335.950195,8335.950195,139000
2016-07-07,8342,8361.950195,8317.700195,8337.900391,8337.900391,155500
2016-07-08,8350,8353.299805,8287.549805,8323.200195,8323.200195,137900
2016-07-11,8413.349609,8475.25,8407.049805,8467.900391,8467.900391,149800
2016-07-12,8502.599609,8526.599609,8479.200195,8521.049805,8521.049805,183600
2016-07-13,8540.450195,8550.25,8493.549805,8519.5,8519.5,195500
2016-07-14,8515.75,8571.400391,8500.700195,8565,8565,153900
2016-07-15,8565.450195,8594.799805,8510.049805,8541.400391,8541.400391,221700
2016-07-18,8564.049805,8587.099609,8494.349609,8508.700195,8508.700195,164300
2016-07-19,8514.299805,8540.049805,8476.700195,8528.549805,8528.549805,167900
2016-07-20,8515.450195,8569.900391,8512.549805,8565.849609,8565.849609,160300
2016-07-21,8582.700195,8585.25,8503.450195,8510.099609,8510.099609,150000
2016-07-22,8519.650391,8548.950195,8489.799805,8541.200195,8541.200195,143200
2016-07-25,8519.950195,8641.150391,8517.200195,8635.650391,8635.650391,150000
2016-07-26,8633.75,8644.900391,8577.150391,8590.650391,8590.650391,154800
2016-07-27,8599.400391,8665,8572.049805,8615.799805,8615.799805,184100
2016-07-28,8636.950195,8674.700195,8625.25,8666.299805,8666.299805,233500
2016-07-29,8668.299805,8670.349609,8631.150391,8638.5,8638.5,157000
2016-08-01,8654.299805,8711.299805,8590.5,8636.549805,8636.549805,188400
2016-08-02,8647.450195,8687.200195,8611.400391,8622.900391,8622.900391,169400
2016-08-03,8635.200195,8635.450195,8529.599609,8544.849609,8544.849609,163000
2016-08-04,8599.950195,8601.400391,8518.150391,8551.099609,8551.099609,164700
2016-08-05,8600.200195,8689.400391,8590.150391,8683.150391,8683.150391,157900
2016-08-08,8712.849609,8723.5,8697.599609,8711.349609,8711.349609,172600
2016-08-09,8727.799805,8728.349609,8638.200195,8678.25,8678.25,200100
2016-08-10,8686.700195,8690.099609,8564.599609,8575.299805,8575.299805,173600
2016-08-11,8572.799805,8601.150391,8540.049805,8592.150391,8592.150391,189200
2016-08-12,null,null,null,null,null,null
2016-08-16,8670.25,8682.349609,8600.450195,8642.549805,8642.549805,224800
2016-08-17,8639.799805,8667.099609,8603.599609,8624.049805,8624.049805,174100
2016-08-18,8648.849609,8690.700195,8645.049805,8673.25,8673.25,164300
2016-08-19,8694.299805,8696.599609,8647.099609,8666.900391,8666.900391,191900
2016-08-22,8667,8684.849609,8614,8629.150391,8629.150391,152300
2016-08-23,8628.349609,8642.150391,8580,8632.599609,8632.599609,187500
2016-08-24,8648.5,8661.049805,8620.900391,8650.299805,8650.299805,149600
2016-08-25,8668.849609,8683.049805,8583.650391,8592.200195,8592.200195,213100
2016-08-26,8614.349609,8622.950195,8547.549805,8572.549805,8572.549805,147500
2016-08-29,8583.75,8622,8543.75,8607.450195,8607.450195,129700
2016-08-30,8646.75,8750.599609,8642.25,8744.349609,8744.349609,150200
2016-08-31,8754.049805,8819.200195,8754.049805,8786.200195,8786.200195,362200
2016-09-01,8793.599609,8813.25,8759.950195,8774.650391,8774.650391,238900
2016-09-02,8796.349609,8824.099609,8768.200195,8809.650391,8809.650391,191500
2016-09-06,8852.700195,8950.849609,8848.450195,8943,8943,195600
2016-09-07,8968.700195,8968.700195,8913.349609,8917.950195,8917.950195,290100
2016-09-08,8915.5,8960.349609,8896,8952.5,8952.5,217200
2016-09-09,8934.299805,8939.150391,8858.700195,8866.700195,8866.700195,175900
2016-09-12,8732.950195,8746.950195,8699.400391,8715.599609,8715.599609,184500
2016-09-14,8710.650391,8739.849609,8688.900391,8726.599609,8726.599609,184300
2016-09-15,8743.849609,8751.950195,8704.349609,8742.549805,8742.549805,145400
2016-09-16,8780.849609,8847.650391,8750.5,8779.849609,8779.849609,265800
2016-09-19,8788.450195,8824.299805,8774.200195,8808.400391,8808.400391,131700
2016-09-20,8816.099609,8816.450195,8759.299805,8775.900391,8775.900391,136500
2016-09-21,8790.299805,8826.849609,8757.299805,8777.150391,8777.150391,148800
2016-09-22,8873.349609,8893.349609,8837.799805,8867.450195,8867.450195,172800
2016-09-23,8880.75,8885.200195,8820.299805,8831.549805,8831.549805,185900
2016-09-26,8807.900391,8809.549805,8715.099609,8723.049805,8723.049805,164000
2016-09-27,8748.900391,8768.5,8690.5,8706.400391,8706.400391,151400
2016-09-28,8711.200195,8767.049805,8703.150391,8745.150391,8745.150391,165500
2016-09-29,8792.700195,8800.650391,8558.25,8591.25,8591.25,372900
2016-09-30,8581.5,8637.150391,8555.200195,8611.150391,8611.150391,181700
2016-10-03,8666.150391,8745.200195,8635,8738.099609,8738.099609,137300
2016-10-04,8770,8783.650391,8736.099609,8769.150391,8769.150391,184300
2016-10-05,8806.349609,8806.950195,8731.400391,8743.950195,8743.950195,157200
2016-10-06,8768.700195,8781.150391,8684.650391,8709.549805,8709.549805,163600
2016-10-07,8721.700195,8723.700195,8663.799805,8697.599609,8697.599609,150400
2016-10-10,8735.349609,8745.799805,8703.950195,8708.799805,8708.799805,108400
2016-10-13,8671.5,8681.549805,8541.349609,8573.349609,8573.349609,212300
2016-10-14,8594,8604.450195,8549.799805,8583.400391,8583.400391,162800
2016-10-17,8612.950195,8615.400391,8506.150391,8520.400391,8520.400391,197400
2016-10-18,8556.049805,8685.099609,8555.900391,8677.900391,8677.900391,216600
2016-10-19,8697.5,8698.75,8636.700195,8659.099609,8659.099609,172100
2016-10-20,8693.349609,8727,8678.299805,8699.400391,8699.400391,161000
2016-10-21,8708.599609,8709.099609,8652.049805,8693.049805,8693.049805,157300
2016-10-24,8709.849609,8736.950195,8684.150391,8708.950195,8708.950195,157100
2016-10-25,8721.700195,8722.650391,8663.450195,8691.299805,8691.299805,189800
2016-10-26,8657.299805,8657.299805,8596.599609,8615.25,8615.25,219300
2016-10-27,8607.099609,8624.849609,8550.25,8615.25,8615.25,242800
2016-10-28,8625,8653.75,8581.75,8638,8638,175500
2016-11-01,8653.150391,8669.599609,8614.5,8626.25,8626.25,165000
2016-11-02,8542.799805,8549.5,8504.849609,8514,8514,155300
2016-11-03,8499.849609,8537.650391,8476.150391,8484.950195,8484.950195,170500
2016-11-04,8503.599609,8504,8400.25,8433.75,8433.75,224800
2016-11-07,8535.75,8535.849609,8481.450195,8497.049805,8497.049805,172800
2016-11-08,8540,8559.400391,8480.099609,8543.549805,8543.549805,195700
2016-11-09,8067.5,8476.200195,8002.25,8432,8432,314300
2016-11-10,8555.599609,8598.450195,8510.700195,8525.75,8525.75,263100
2016-11-11,8456.650391,8460.599609,8284.950195,8296.299805,8296.299805,266900
2016-11-15,8284.849609,8288.549805,8093.200195,8108.450195,8108.450195,359200
2016-11-16,8205.650391,8210.049805,8089.399902,8111.600098,8111.600098,269500
2016-11-17,8105.100098,8151.25,8060.299805,8079.950195,8079.950195,191300
2016-11-18,8097.549805,8128.950195,8048.299805,8074.100098,8074.100098,161200
2016-11-21,8102.100098,8102.450195,7916.399902,7929.100098,7929.100098,218800
2016-11-22,7989.149902,8019.049805,7938.149902,8002.299805,8002.299805,210200
2016-11-23,8051.200195,8055.200195,7973.100098,8033.299805,8033.299805,181000
2016-11-24,8011.799805,8024.850098,7952.549805,7965.5,7965.5,260500
2016-11-25,8007.950195,8122.25,7976.75,8114.299805,8114.299805,177900
2016-11-28,8080.649902,8146.5,8066.5,8126.899902,8126.899902,189700
2016-11-29,8131.549805,8197.349609,8128.700195,8142.149902,8142.149902,189700
2016-11-30,8172.149902,8234.25,8139.25,8224.5,8224.5,248000
2016-12-01,8244,8250.799805,8185.049805,8192.900391,8192.900391,157700
2016-12-02,8153.549805,8159.299805,8070.049805,8086.799805,8086.799805,171500
2016-12-05,8088.75,8141.899902,8056.850098,8128.75,8128.75,126500
2016-12-06,8153.149902,8178.700195,8130.850098,8143.149902,8143.149902,115300
2016-12-07,8168.399902,8190.450195,8077.5,8102.049805,8102.049805,169800
2016-12-08,8152.100098,8256.25,8151.75,8246.849609,8246.849609,142500
2016-12-09,8271.700195,8274.950195,8241.950195,8261.75,8261.75,149700
2016-12-12,8230.650391,8230.650391,8154.450195,8170.799805,8170.799805,108100
2016-12-13,8196.150391,8228.849609,8155.799805,8221.799805,8221.799805,184000
2016-12-14,8229.349609,8229.400391,8165.100098,8182.450195,8182.450195,144600
2016-12-15,8128.399902,8225.900391,8121.950195,8153.600098,8153.600098,181800
2016-12-16,8178.200195,8178.700195,8127.450195,8139.450195,8139.450195,203000
2016-12-19,8126,8132.5,8094.850098,8104.350098,8104.350098,107400
2016-12-20,8110.600098,8124.100098,8062.75,8082.399902,8082.399902,128000
2016-12-21,8105.850098,8112.549805,8053.25,8061.299805,8061.299805,123700
2016-12-22,8043.850098,8046.450195,7964.950195,7979.100098,7979.100098,122600
2016-12-23,7972.5,8022.600098,7942.049805,7985.75,7985.75,124100
2016-12-26,7965.100098,7970.049805,7893.799805,7908.25,7908.25,106900
2016-12-27,7915.049805,8044.649902,7903.700195,8032.850098,8032.850098,118800
2016-12-28,8047.549805,8100.549805,8028.399902,8034.850098,8034.850098,126700
2016-12-29,8030.600098,8111.100098,8020.799805,8103.600098,8103.600098,178500
2016-12-30,8119.649902,8197,8114.75,8185.799805,8185.799805,127600
2017-01-02,8210.099609,8212,8133.799805,8179.5,8179.5,118300
2017-01-03,8196.049805,8219.099609,8148.600098,8192.25,8192.25,127300
2017-01-04,8202.650391,8218.5,8180.899902,8190.5,8190.5,132400
2017-01-05,8226.650391,8282.650391,8223.700195,8273.799805,8273.799805,159100
2017-01-06,8281.849609,8306.849609,8233.25,8243.799805,8243.799805,139400
2017-01-09,8259.349609,8263,8227.75,8236.049805,8236.049805,99100
2017-01-10,8262.700195,8293.799805,8261,8288.599609,8288.599609,142900
2017-01-11,8327.799805,8389,8322.25,8380.650391,8380.650391,186500
2017-01-12,8391.049805,8417.200195,8382.299805,8407.200195,8407.200195,172600
2017-01-13,8457.650391,8461.049805,8373.150391,8400.349609,8400.349609,185300
2017-01-16,8390.950195,8426.700195,8374.400391,8412.799805,8412.799805,124100
2017-01-17,8415.049805,8440.900391,8378.299805,8398,8398,122000
2017-01-18,8403.849609,8460.299805,8397.400391,8417,8417,163800
2017-01-19,8418.400391,8445.150391,8404.049805,8435.099609,8435.099609,165900
2017-01-20,8404.349609,8423.650391,8340.950195,8349.349609,8349.349609,202600
2017-01-23,8329.599609,8404.150391,8327.200195,8391.5,8391.5,195000
2017-01-24,8407.049805,8480.950195,8398.150391,8475.799805,8475.799805,179200
2017-01-25,8499.450195,8612.599609,8493.950195,8602.75,8602.75,292500
2017-01-27,8610.5,8672.700195,8606.900391,8641.25,8641.25,275400
2017-01-30,8635.549805,8662.599609,8617.75,8632.75,8632.75,304700
2017-01-31,8629.450195,8631.75,8552.400391,8561.299805,8561.299805,521000
2017-02-01,8570.349609,8722.400391,8537.5,8716.400391,8716.400391,327700
2017-02-02,8724.75,8757.599609,8685.799805,8734.25,8734.25,283500
2017-02-03,8735.150391,8748.25,8707.75,8740.950195,8740.950195,191000
2017-02-06,8785.450195,8814.099609,8770.200195,8801.049805,8801.049805,194400
2017-02-07,8805.700195,8809.299805,8741.049805,8768.299805,8768.299805,226300
2017-02-08,8774.549805,8791.25,8715,8769.049805,8769.049805,218700
2017-02-09,8795.549805,8821.400391,8724.099609,8778.400391,8778.400391,187500
2017-02-10,8812.349609,8822.099609,8771.200195,8793.549805,8793.549805,225900
2017-02-13,8819.799805,8826.900391,8754.200195,8805.049805,8805.049805,204900
2017-02-14,8819.900391,8820.450195,8772.5,8792.299805,8792.299805,188300
2017-02-15,8778.950195,8807.900391,8712.849609,8724.700195,8724.700195,216100
2017-02-16,8739,8783.950195,8719.599609,8778,8778,184600
2017-02-17,8883.700195,8896.450195,8804.25,8821.700195,8821.700195,298300
2017-02-20,8818.549805,8886.25,8809.799805,8879.200195,8879.200195,167800
2017-02-21,8890.75,8920.799805,8860.950195,8907.849609,8907.849609,175700
2017-02-22,8931.599609,8960.75,8905.25,8926.900391,8926.900391,247100
2017-02-23,8956.400391,8982.150391,8927.549805,8939.5,8939.5,377200
2017-02-27,8943.700195,8951.799805,8888.650391,8896.700195,8896.700195,189900
2017-02-28,8898.950195,8914.75,8867.599609,8879.599609,8879.599609,293600
2017-03-01,8904.400391,8960.799805,8898.599609,8945.799805,8945.799805,205900
2017-03-02,8982.849609,8992.5,8879.799805,8899.75,8899.75,218800
2017-03-03,8883.5,8907.099609,8860.099609,8897.549805,8897.549805,202600
2017-03-06,8915.099609,8967.799805,8914,8963.450195,8963.450195,174800
2017-03-07,8977.75,8977.849609,8932.799805,8946.900391,8946.900391,173400
2017-03-08,8950.700195,8957.049805,8891.950195,8924.299805,8924.299805,177800
2017-03-09,8914.5,8945.799805,8899.5,8927,8927,171500
2017-03-10,8953.700195,8975.700195,8903.950195,8934.549805,8934.549805,152700
2017-03-14,9091.650391,9122.75,9060.5,9087,9087,270300
2017-03-15,9086.849609,9106.549805,9075.5,9084.799805,9084.799805,240600
2017-03-16,9129.650391,9158.450195,9128.549805,9153.700195,9153.700195,208600
2017-03-17,9207.799805,9218.400391,9147.599609,9160.049805,9160.049805,286700
2017-03-20,9166.950195,9167.599609,9116.299805,9126.849609,9126.849609,332100
2017-03-21,9133.950195,9147.75,9087.200195,9121.5,9121.5,247700
2017-03-22,9047.200195,9072.900391,9019.299805,9030.450195,9030.450195,232300
2017-03-23,9048.75,9099.049805,9048.599609,9086.299805,9086.299805,191800
2017-03-24,9104,9133.549805,9089.400391,9108,9108,203700
2017-03-27,9093.450195,9094.849609,9024.650391,9045.200195,9045.200195,202700
2017-03-28,9081.5,9110.400391,9079.799805,9100.799805,9100.799805,183300
2017-03-29,9128.700195,9153.150391,9109.099609,9143.799805,9143.799805,243400
2017-03-30,9142.599609,9183.150391,9136.349609,9173.75,9173.75,323400
2017-03-31,9158.900391,9191.700195,9152.099609,9173.75,9173.75,190900
2017-04-03,9220.599609,9245.349609,9192.400391,9237.849609,9237.849609,139100
2017-04-05,9264.400391,9273.900391,9215.400391,9265.150391,9265.150391,184800
2017-04-06,9245.799805,9267.950195,9218.849609,9261.950195,9261.950195,186100
2017-04-07,9223.700195,9250.5,9188.099609,9198.299805,9198.299805,190000
2017-04-10,9225.599609,9225.650391,9174.849609,9181.450195,9181.450195,135800
2017-04-11,9184.549805,9242.700195,9172.849609,9237,9237,200100
2017-04-12,9242.5,9246.400391,9161.799805,9203.450195,9203.450195,161800
2017-04-13,9202.5,9202.650391,9144.950195,9150.799805,9150.799805,166500
2017-04-17,9144.75,9160,9120.25,9139.299805,9139.299805,0
2017-04-18,9163,9217.900391,9095.450195,9105.150391,9105.150391,174200
2017-04-19,9112.200195,9120.5,9075.150391,9103.5,9103.5,173700
2017-04-20,9108.099609,9143.900391,9102.650391,9136.400391,9136.400391,170300
2017-04-21,9179.099609,9183.650391,9088.75,9119.400391,9119.400391,155200
2017-04-24,9135.349609,9225.400391,9130.549805,9217.950195,9217.950195,167700
2017-04-25,9273.049805,9309.200195,9250.349609,9306.599609,9306.599609,168700
2017-04-26,9336.200195,9367,9301.349609,9351.849609,9351.849609,185700
2017-04-27,9359.150391,9367.150391,9322.650391,9342.150391,9342.150391,209400
2017-04-28,9340.950195,9342.650391,9282.25,9304.049805,9304.049805,162200
2017-05-02,9339.849609,9352.549805,9269.900391,9313.799805,9313.799805,161600
2017-05-03,9344.700195,9346.299805,9298.400391,9311.950195,9311.950195,151600
2017-05-04,9360.950195,9365.650391,9323.25,9359.900391,9359.900391,269600
2017-05-05,9374.549805,9377.099609,9272,9285.299805,9285.299805,231900
2017-05-08,9311.450195,9338.700195,9297.950195,9314.049805,9314.049805,174300
2017-05-09,9337.349609,9338.950195,9307.700195,9316.849609,9316.849609,132300
2017-05-10,9339.650391,9414.75,9336,9407.299805,9407.299805,152700
2017-05-11,9448.599609,9450.650391,9411.299805,9422.400391,9422.400391,171100
2017-05-12,9436.650391,9437.75,9372.549805,9400.900391,9400.900391,154300
2017-05-15,9433.549805,9449.25,9423.099609,9445.400391,9445.400391,140800
2017-05-16,9461,9517.200195,9456.349609,9512.25,9512.25,166500
2017-05-17,9517.599609,9532.599609,9486.099609,9525.75,9525.75,205500
2017-05-18,9453.200195,9489.099609,9418.099609,9429.450195,9429.450195,193300
2017-05-19,9469.900391,9505.75,9390.75,9427.900391,9427.900391,252100
2017-05-22,9480.25,9498.650391,9427.900391,9438.25,9438.25,196800
2017-05-23,9445.049805,9448.049805,9370,9386.150391,9386.150391,224400
2017-05-24,9410.900391,9431.900391,9341.650391,9360.549805,9360.549805,211800
2017-05-25,9384.049805,9523.299805,9379.200195,9509.75,9509.75,289200
2017-05-26,9507.75,9604.900391,9495.400391,9595.099609,9595.099609,218800
2017-05-29,9560.049805,9637.75,9547.700195,9604.900391,9604.900391,235000
2017-05-30,9590.650391,9635.299805,9581.200195,9624.549805,9624.549805,193900
2017-05-31,9636.549805,9649.599609,9609.25,9621.25,9621.25,414300
2017-06-01,9603.549805,9634.650391,9589.900391,9616.099609,9616.099609,176100
2017-06-02,9657.150391,9673.5,9637.450195,9653.5,9653.5,162200
2017-06-05,9656.299805,9687.200195,9640.700195,9675.099609,9675.099609,127700
2017-06-06,9704.25,9709.299805,9630.200195,9637.150391,9637.150391,145900
2017-06-07,9663.950195,9678.549805,9630.549805,9663.900391,9663.900391,160700
2017-06-08,9682.400391,9688.700195,9641.5,9647.25,9647.25,155400
2017-06-09,9638.549805,9676.25,9608.150391,9668.25,9668.25,159000
2017-06-12,9646.700195,9647.049805,9598.5,9616.400391,9616.400391,141400
2017-06-13,9615.549805,9654.150391,9595.400391,9606.900391,9606.900391,129700
2017-06-14,9621.549805,9627.400391,9580.450195,9618.150391,9618.150391,181800
2017-06-15,9617.900391,9621.400391,9560.799805,9578.049805,9578.049805,171100
2017-06-16,9595.450195,9615.849609,9565.5,9588.049805,9588.049805,213200
2017-06-19,9626.400391,9673.299805,9614.900391,9657.549805,9657.549805,141700
2017-06-20,9670.5,9676.5,9643.75,9653.5,9653.5,159500
2017-06-21,9648.099609,9650.450195,9608.599609,9633.599609,9633.599609,144000
2017-06-22,9642.650391,9698.849609,9617.75,9630,9630,198800
2017-06-23,9643.25,9647.650391,9565.299805,9574.950195,9574.950195,175200
2017-06-27,9594.049805,9615.400391,9473.450195,9511.400391,9511.400391,203300
2017-06-28,9520.200195,9522.5,9474.349609,9491.25,9491.25,172400
2017-06-29,9522.950195,9575.799805,9493.799805,9504.099609,9504.099609,259300
2017-06-30,9478.5,9535.799805,9448.75,9520.900391,9520.900391,179600
2017-07-03,9587.950195,9624,9543.549805,9615,9615,183000
2017-07-04,9645.900391,9650.650391,9595.5,9613.299805,9613.299805,144800
2017-07-05,9619.75,9643.650391,9607.349609,9637.599609,9637.599609,130800
2017-07-06,9653.599609,9700.700195,9639.950195,9674.549805,9674.549805,147400
2017-07-07,9670.349609,9684.25,9642.650391,9665.799805,9665.799805,141800
2017-07-10,9719.299805,9782.150391,9646.450195,9771.049805,9771.049805,37500
2017-07-11,9797.450195,9830.049805,9778.849609,9786.049805,9786.049805,179700
2017-07-12,9807.299805,9824.950195,9787.700195,9816.099609,9816.099609,145500
2017-07-13,9855.799805,9897.25,9853.450195,9891.700195,9891.700195,181300
2017-07-14,9913.299805,9913.299805,9845.450195,9886.349609,9886.349609,159600
2017-07-17,9908.150391,9928.200195,9894.700195,9915.950195,9915.950195,163500
2017-07-18,9832.700195,9885.349609,9792.049805,9827.150391,9827.150391,293900
2017-07-19,9855.950195,9905.049805,9851.650391,9899.599609,9899.599609,200200
2017-07-20,9920.200195,9922.549805,9863.450195,9873.299805,9873.299805,161100
2017-07-21,9899.599609,9924.700195,9838,9915.25,9915.25,187500
2017-07-24,9936.799805,9982.049805,9919.599609,9966.400391,9966.400391,0
2017-07-25,10010.54981,10011.29981,9949.099609,9964.549805,9964.549805,185500
2017-07-26,9983.650391,10025.9502,9965.950195,10020.65039,10020.65039,197600
2017-07-27,10063.25,10114.84961,10005.5,10020.54981,10020.54981,287900
2017-07-28,9996.549805,10026.04981,9944.5,10014.5,10014.5,191600
2017-07-31,10034.7002,10085.90039,10016.9502,10077.09961,10077.09961,237700
2017-08-01,10101.04981,10128.59961,10065.75,10114.65039,10114.65039,184300
2017-08-02,10136.29981,10137.84961,10054.2002,10081.5,10081.5,161500
2017-08-03,10081.15039,10081.15039,9998.25,10013.65039,10013.65039,192700
2017-08-04,10008.59961,10075.25,9988.349609,10066.40039,10066.40039,178600
2017-08-07,10074.79981,10088.09961,10046.34961,10057.40039,10057.40039,137400
2017-08-08,10068.34961,10083.79981,9947,9978.549805,9978.549805,203300
2017-08-09,9961.150391,9969.799805,9893.049805,9908.049805,9908.049805,169200
2017-08-10,9872.849609,9892.650391,9776.200195,9820.25,9820.25,235500
2017-08-11,9712.150391,9771.650391,9685.549805,9710.799805,9710.799805,285900
2017-08-14,9755.75,9818.299805,9752.099609,9794.150391,9794.150391,195600
2017-08-16,9825.849609,9903.950195,9773.849609,9897.299805,9897.299805,219500
2017-08-17,9945.549805,9947.799805,9883.75,9904.150391,9904.150391,197600
2017-08-18,9865.950195,9865.950195,9783.650391,9837.400391,9837.400391,246300
2017-08-21,9864.25,9884.349609,9740.099609,9754.349609,9754.349609,205300
2017-08-22,9815.75,9828.450195,9752.599609,9765.549805,9765.549805,183600
2017-08-23,9803.049805,9857.900391,9786.75,9852.5,9852.5,168600
2017-08-24,9881.200195,9881.5,9848.849609,9857.049805,9857.049805,184700
2017-08-28,9907.150391,9925.75,9882,9912.799805,9912.799805,159600
2017-08-29,9886.400391,9887.349609,9783.75,9796.049805,9796.049805,173300
2017-08-30,9859.5,9909.450195,9850.799805,9884.400391,9884.400391,157800
2017-08-31,9905.700195,9925.099609,9856.950195,9917.900391,9917.900391,327700
2017-09-01,9937.650391,9983.450195,9909.849609,9974.400391,9974.400391,157800
2017-09-04,9984.150391,9988.400391,9861,9912.849609,9912.849609,148800
2017-09-05,9933.25,9963.099609,9901.049805,9952.200195,9952.200195,139200
2017-09-06,9899.25,9931.549805,9882.549805,9916.200195,9916.200195,149200
2017-09-07,9945.849609,9964.849609,9917.200195,9929.900391,9929.900391,188800
2017-09-08,9958.650391,9963.599609,9913.299805,9934.799805,9934.799805,163600
2017-09-11,9971.75,10028.65039,9968.799805,10006.04981,10006.04981,173000
2017-09-12,10056.84961,10097.54981,10028.04981,10093.04981,10093.04981,182600
2017-09-13,10099.25,10131.9502,10063.15039,10079.29981,10079.29981,215000
2017-09-14,10107.40039,10126.5,10070.34961,10086.59961,10086.59961,225600
2017-09-15,10062.34961,10115.15039,10043.65039,10085.40039,10085.40039,266600
2017-09-18,10133.09961,10171.7002,10131.29981,10153.09961,10153.09961,156100
2017-09-19,10175.59961,10178.9502,10129.9502,10147.54981,10147.54981,187500
2017-09-20,10160.9502,10171.04981,10134.2002,10141.15039,10141.15039,199400
2017-09-21,10139.59961,10158.90039,10058.59961,10121.90039,10121.90039,191800
2017-09-22,10094.34961,10095.04981,9952.799805,9964.400391,9964.400391,226600
2017-09-25,9960.099609,9960.5,9816.049805,9872.599609,9872.599609,221400
2017-09-26,9875.25,9891.349609,9813,9871.5,9871.5,190900
2017-09-27,9920.599609,9921.049805,9714.400391,9735.75,9735.75,200100
2017-09-28,9736.400391,9789.200195,9687.549805,9768.950195,9768.950195,385000
2017-09-29,9814.299805,9854,9775.349609,9788.599609,9788.599609,196300
2017-10-03,9893.299805,9895.400391,9831.049805,9859.5,9859.5,162800
2017-10-04,9884.349609,9938.299805,9850.650391,9914.900391,9914.900391,156200
2017-10-05,9927,9945.950195,9881.849609,9888.700195,9888.700195,147800
2017-10-06,9908.150391,9989.349609,9906.599609,9979.700195,9979.700195,195800
2017-10-09,9988.200195,10015.75,9959.450195,9988.75,9988.75,143900
2017-10-10,10013.7002,10034,10002.29981,10016.9502,10016.9502,148600
2017-10-11,10042.59961,10067.25,9955.799805,9984.799805,9984.799805,189700
2017-10-12,10011.2002,10104.4502,9977.099609,10096.40039,10096.40039,200900
2017-10-13,10123.7002,10191.90039,10120.09961,10167.4502,10167.4502,230100
2017-10-16,10207.40039,10242.9502,10175.09961,10230.84961,10230.84961,203000
2017-10-17,10227.65039,10251.84961,10212.59961,10234.4502,10234.4502,195700
2017-10-18,10209.40039,10236.4502,10175.75,10210.84961,10210.84961,254200
2017-10-23,10210.34961,10224.15039,10123.34961,10184.84961,10184.84961,248300
2017-10-24,10218.54981,10237.75,10182.40039,10207.7002,10207.7002,217200
2017-10-25,10321.15039,10340.54981,10240.90039,10295.34961,10295.34961,594200
2017-10-26,10291.79981,10355.65039,10271.84961,10343.79981,10343.79981,429700
2017-10-27,10362.29981,10366.15039,10311.29981,10323.04981,10323.04981,312700
2017-10-30,10353.84961,10384.5,10344.29981,10363.65039,10363.65039,236900
2017-10-31,10364.90039,10367.7002,10323.9502,10335.29981,10335.29981,232600
2017-11-01,10390.34961,10451.65039,10383.04981,10440.5,10440.5,260300
2017-11-02,10440.5,10453,10412.54981,10423.79981,10423.79981,201500
2017-11-03,10461.54981,10461.7002,10403.59961,10452.5,10452.5,199900
2017-11-06,10431.75,10490.4502,10413.75,10451.79981,10451.79981,193600
2017-11-07,10477.15039,10485.75,10340.79981,10350.15039,10350.15039,286900
2017-11-08,10361.9502,10384.25,10285.5,10303.15039,10303.15039,274500
2017-11-09,10358.65039,10368.4502,10266.9502,10308.9502,10308.9502,240200
2017-11-10,10304.34961,10344.9502,10254.09961,10321.75,10321.75,279400
2017-11-13,10322,10334.15039,10216.25,10224.9502,10224.9502,210300
2017-11-14,10223.40039,10248,10175.54981,10186.59961,10186.59961,305000
2017-11-15,10171.9502,10175.4502,10094,10118.04981,10118.04981,207400
2017-11-16,10152.90039,10232.25,10139.2002,10214.75,10214.75,182600
2017-11-17,10324.54981,10343.59961,10268.04981,10283.59961,10283.59961,203300
2017-11-20,10287.2002,10309.84961,10261.5,10298.75,10298.75,147200
2017-11-21,10329.25,10358.7002,10315.04981,10326.90039,10326.90039,186100
2017-11-22,10350.79981,10368.7002,10309.54981,10342.29981,10342.29981,157600
2017-11-23,10358.4502,10374.29981,10307.29981,10348.75,10348.75,153000
2017-11-24,10366.79981,10404.5,10362.25,10389.7002,10389.7002,129200
2017-11-27,10361.04981,10407.15039,10340.2002,10399.54981,10399.54981,141900
2017-11-28,10387.90039,10409.54981,10355.2002,10370.25,10370.25,196000
2017-11-29,10376.65039,10392.9502,10345.90039,10361.29981,10361.29981,152500
2017-11-30,10332.7002,10332.7002,10211.25,10226.54981,10226.54981,342500
